{"cameraMode":{"drawMode":0,"name":"Shaded","section":"Shading Mode"},"sceneLighting":true,"audioPlay":false,"sceneViewState":{"m_AlwaysRefresh":false,"showFog":true,"showSkybox":true,"showFlares":true,"showImageEffects":true,"showParticleSystems":true,"showVisualEffectGraphs":true,"m_FxEnabled":true},"in2DMode":false,"pivot":{"x":1015.5828247070313,"y":939.0374755859375,"z":-882.9791870117188},"rotation":{"x":-0.10332143306732178,"y":-0.005675700027495623,"z":0.000616871053352952,"w":-0.9946915507316589},"size":174.2062530517578,"orthographic":false}